rider_id,capacity_kg,capacity_volume,shift_start,shift_end,current_latitude,current_longitude,max_orders_per_batch,max_workload_minutes,availability
RID001,22,66,2025-01-06 08:02:00,2025-01-06 15:02:00,13.016827,80.230163,6,240,AVAILABLE
RID002,15,78,2025-01-06 08:50:00,2025-01-06 16:50:00,13.039115,80.254328,5,240,AVAILABLE
RID003,24,58,2025-01-06 08:57:00,2025-01-06 15:57:00,13.023883,80.262866,4,240,AVAILABLE
RID004,28,75,2025-01-06 08:27:00,2025-01-06 14:27:00,13.022677,80.281711,6,240,AVAILABLE
RID005,15,73,2025-01-06 08:32:00,2025-01-06 15:32:00,13.020486,80.238642,5,240,AVAILABLE
RID006,22,68,2025-01-06 08:55:00,2025-01-06 16:55:00,13.040288,80.289634,8,240,AVAILABLE
RID007,27,70,2025-01-06 08:07:00,2025-01-06 14:07:00,13.046106,80.277926,4,240,AVAILABLE
RID008,20,64,2025-01-06 08:40:00,2025-01-06 15:40:00,13.01052,80.236414,4,240,AVAILABLE
RID009,22,53,2025-01-06 08:30:00,2025-01-06 14:30:00,13.043819,80.263253,7,240,AVAILABLE
RID010,19,53,2025-01-06 08:41:00,2025-01-06 15:41:00,13.017048,80.245803,4,240,AVAILABLE
RID011,27,43,2025-01-06 08:32:00,2025-01-06 14:32:00,13.047517,80.258564,5,240,AVAILABLE
RID012,27,46,2025-01-06 08:12:00,2025-01-06 15:12:00,13.022657,80.27672,5,240,AVAILABLE
RID013,24,40,2025-01-06 08:50:00,2025-01-06 15:50:00,13.009213,80.274659,4,240,AVAILABLE
RID014,21,66,2025-01-06 08:07:00,2025-01-06 16:07:00,13.012607,80.259136,7,240,AVAILABLE
RID015,17,40,2025-01-06 08:23:00,2025-01-06 16:23:00,13.041222,80.270497,5,240,AVAILABLE
RID016,24,75,2025-01-06 08:41:00,2025-01-06 15:41:00,13.007889,80.269885,8,240,AVAILABLE
RID017,27,76,2025-01-06 08:52:00,2025-01-06 14:52:00,13.028317,80.24972,4,240,AVAILABLE
RID018,25,77,2025-01-06 08:24:00,2025-01-06 15:24:00,13.039261,80.260485,7,240,AVAILABLE
RID019,29,59,2025-01-06 08:52:00,2025-01-06 14:52:00,13.015968,80.269536,8,240,AVAILABLE
RID020,24,71,2025-01-06 08:32:00,2025-01-06 16:32:00,13.014798,80.214765,6,240,AVAILABLE
RID021,19,77,2025-01-06 08:13:00,2025-01-06 15:13:00,13.066,80.256227,8,240,AVAILABLE
RID022,24,75,2025-01-06 08:16:00,2025-01-06 16:16:00,13.043671,80.258755,8,240,AVAILABLE
RID023,22,70,2025-01-06 08:21:00,2025-01-06 15:21:00,13.050765,80.264707,8,240,AVAILABLE
RID024,28,62,2025-01-06 08:22:00,2025-01-06 14:22:00,13.05474,80.260692,7,240,AVAILABLE
RID025,27,77,2025-01-06 08:29:00,2025-01-06 15:29:00,13.031733,80.306019,8,240,AVAILABLE
RID026,19,49,2025-01-06 08:09:00,2025-01-06 16:09:00,12.995472,80.270708,7,240,AVAILABLE
RID027,26,70,2025-01-06 08:25:00,2025-01-06 14:25:00,13.009172,80.238342,6,240,AVAILABLE
RID028,29,41,2025-01-06 08:10:00,2025-01-06 16:10:00,13.004401,80.245827,7,240,AVAILABLE
RID029,17,76,2025-01-06 08:30:00,2025-01-06 14:30:00,13.053129,80.224234,5,240,AVAILABLE
RID030,23,42,2025-01-06 08:47:00,2025-01-06 15:47:00,13.042463,80.307669,7,240,AVAILABLE
RID031,27,52,2025-01-06 08:00:00,2025-01-06 14:00:00,13.006584,80.281367,5,240,AVAILABLE
RID032,27,44,2025-01-06 08:01:00,2025-01-06 15:01:00,13.046225,80.270738,6,240,AVAILABLE
RID033,22,78,2025-01-06 08:36:00,2025-01-06 16:36:00,13.068792,80.252464,8,240,AVAILABLE
RID034,28,78,2025-01-06 08:52:00,2025-01-06 15:52:00,13.023821,80.25833,4,240,AVAILABLE
RID035,25,43,2025-01-06 08:38:00,2025-01-06 15:38:00,13.044511,80.257989,7,240,AVAILABLE
RID036,22,71,2025-01-06 08:47:00,2025-01-06 15:47:00,13.06943,80.242288,8,240,AVAILABLE
RID037,17,79,2025-01-06 08:23:00,2025-01-06 16:23:00,13.012152,80.287155,4,240,AVAILABLE
RID038,18,51,2025-01-06 08:42:00,2025-01-06 14:42:00,13.045703,80.245992,8,240,AVAILABLE
RID039,28,55,2025-01-06 08:04:00,2025-01-06 16:04:00,13.047002,80.231051,5,240,AVAILABLE
RID040,29,48,2025-01-06 08:24:00,2025-01-06 14:24:00,13.010816,80.283259,5,240,AVAILABLE
RID041,15,66,2025-01-06 08:23:00,2025-01-06 16:23:00,13.028514,80.268492,4,240,AVAILABLE
RID042,26,55,2025-01-06 08:53:00,2025-01-06 14:53:00,13.04083,80.276252,6,240,AVAILABLE
RID043,23,51,2025-01-06 08:19:00,2025-01-06 16:19:00,13.019514,80.298961,6,240,AVAILABLE
RID044,23,71,2025-01-06 08:50:00,2025-01-06 16:50:00,13.029358,80.286303,8,240,AVAILABLE
RID045,25,41,2025-01-06 08:50:00,2025-01-06 16:50:00,13.006965,80.260791,7,240,AVAILABLE
RID046,24,44,2025-01-06 08:53:00,2025-01-06 16:53:00,12.99267,80.262872,4,240,AVAILABLE
RID047,21,67,2025-01-06 08:35:00,2025-01-06 16:35:00,13.015127,80.267416,7,240,AVAILABLE
RID048,21,46,2025-01-06 08:43:00,2025-01-06 16:43:00,13.032244,80.270361,7,240,AVAILABLE
RID049,16,65,2025-01-06 08:26:00,2025-01-06 14:26:00,13.012892,80.273663,7,240,AVAILABLE
RID050,17,74,2025-01-06 08:01:00,2025-01-06 15:01:00,13.035758,80.308619,8,240,AVAILABLE
RID051,15,43,2025-01-06 08:50:00,2025-01-06 15:50:00,13.040851,80.314144,5,240,AVAILABLE
RID052,21,52,2025-01-06 08:19:00,2025-01-06 16:19:00,13.059944,80.282144,5,240,AVAILABLE
RID053,18,51,2025-01-06 08:18:00,2025-01-06 15:18:00,13.028185,80.25676,5,240,AVAILABLE
RID054,15,40,2025-01-06 08:28:00,2025-01-06 15:28:00,13.085329,80.286939,5,240,AVAILABLE
RID055,22,59,2025-01-06 08:48:00,2025-01-06 16:48:00,13.029477,80.272823,8,240,AVAILABLE
